13,1,ACAR TIMUN GHERKIN PICKLE,63000,63000,100,10,ACAR TIMUN GHERKIN PICKLE,ACAR TIMUN GHERKIN PICKLE,1,1,1
14,1,ADAS/FENNEL,63000,0,100,10,ADAS/FENNEL,ADAS/FENNEL,1,1,1
15,1,AIR ABU 500 ML,63000,15000,100,10,AIR ABU 500 ML,AIR ABU 500 ML,2,1,2
16,1,AKAR GOBO 1KG,63000,63000,100,10,AKAR GOBO 1KG,AKAR GOBO 1KG,1,1,1
17,1,AKAR TERATAI,63000,75000,100,10,AKAR TERATAI,AKAR TERATAI,1,1,1
18,1,Alpukat Mentega Besar,63000,45000,100,10,Alpukat Mentega Besar,Alpukat Mentega Besar,3,1,1
19,1,ARAGULA 20 gr,63000,16500,100,10,ARAGULA 20 gr,ARAGULA 20 gr,1,1,1
20,1,Arang Batok,63000,160000,100,10,Arang Batok,Arang Batok,2,1,6
21,1,ASAM JAWA,63000,24000,100,10,ASAM JAWA,ASAM JAWA,1,1,1
22,1,BAWANG BOMBAI,63000,31500,100,10,BAWANG BOMBAI,BAWANG BOMBAI,1,1,1
23,1,BAWANG BOMBAI MERAH,63000,60000,100,10,BAWANG BOMBAI MERAH,BAWANG BOMBAI MERAH,1,1,1
24,1,Bawang Merah Goreng,63000,93000,100,10,Bawang Merah Goreng,Bawang Merah Goreng,1,1,1
25,1,BAWANG MERAH IRIS,63000,53000,100,10,BAWANG MERAH IRIS,BAWANG MERAH IRIS,1,1,1
26,1,BAWANG MERAH KUPAS,63000,49000,100,10,BAWANG MERAH KUPAS,BAWANG MERAH KUPAS,1,1,1
27,1,BAWANG MERAH UTUH,63000,40000,100,10,BAWANG MERAH UTUH,BAWANG MERAH UTUH,1,1,1
28,1,BAWANG PUTIH BUBUK 130 GR,63000,27000,100,10,BAWANG PUTIH BUBUK 130 GR,BAWANG PUTIH BUBUK 130 GR,2,1,8
29,1,BAWANG PUTIH GORENG 500 GR,63000,65000,100,10,BAWANG PUTIH GORENG 500 GR,BAWANG PUTIH GORENG 500 GR,1,1,3
30,1,BAWANG PUTIH KUPAS,63000,53000,100,10,BAWANG PUTIH KUPAS,BAWANG PUTIH KUPAS,1,1,1
31,1,BAWANG PUTIH UTUH,63000,46000,100,10,BAWANG PUTIH UTUH,BAWANG PUTIH UTUH,1,1,1
32,1,BAYAM JEPANG,63000,65000,100,10,BAYAM JEPANG,BAYAM JEPANG,1,1,1
33,1,BAYAM LOKAL,63000,14000,100,10,BAYAM LOKAL,BAYAM LOKAL,1,1,1
34,1,Belimbing Sayur/Wuluh,63000,14000,100,10,Belimbing Sayur/Wuluh,Belimbing Sayur/Wuluh,1,1,1
35,1,BENANG WOOL,63000,15000,100,10,BENANG WOOL,BENANG WOOL,2,1,4
36,1,BENGKUANG,63000,15000,100,10,BENGKUANG,BENGKUANG,3,1,1
37,1,BERAS KETAN,63000,35000,100,10,BERAS KETAN,BERAS KETAN,2,1,1
38,1,BIHUN KERING 500 GR,63000,11000,100,10,BIHUN KERING 500 GR,BIHUN KERING 500 GR,2,1,3
39,1,BIHUN KERING MUJAIR MEDAN,63000,0,100,10,BIHUN KERING MUJAIR MEDAN,BIHUN KERING MUJAIR MEDAN,2,1,10
40,1,Biji Adas,63000,105000,100,10,Biji Adas,Biji Adas,2,1,1
41,1,BIJI GINKO,63000,0,100,10,BIJI GINKO,BIJI GINKO,2,1,1
42,1,BIJI JALI JALI / BARLEY -DRINKS,63000,34000,100,10,BIJI JALI JALI / BARLEY -DRINKS,BIJI JALI JALI / BARLEY -DRINKS,2,1,1
43,1,BIJI JINTAN,63000,95000,100,10,BIJI JINTAN,BIJI JINTAN,2,1,1
44,1,Biji Jinten,63000,93000,100,10,Biji Jinten,Biji Jinten,2,1,1
45,1,BIJI KETUMBAR,63000,30000,100,10,BIJI KETUMBAR,BIJI KETUMBAR,2,1,1
46,1,BIJI SELASIH -DRINKS,63000,12500,100,10,BIJI SELASIH -DRINKS,BIJI SELASIH -DRINKS,2,1,7
47,1,Boba King,63000,0,100,10,Boba King,Boba King,2,1,9
48,1,BUAH ALPUKAT MENTEGA,63000,45000,100,10,BUAH ALPUKAT MENTEGA,BUAH ALPUKAT MENTEGA,3,1,1
49,1,BUAH ANGGUR EXOTIC BLACK,63000,108000,100,10,BUAH ANGGUR EXOTIC BLACK,BUAH ANGGUR EXOTIC BLACK,3,1,1
50,1,BUAH ANGGUR HIJAU -DRINKS,63000,100000,100,10,BUAH ANGGUR HIJAU -DRINKS,BUAH ANGGUR HIJAU -DRINKS,3,1,1
51,1,BUAH ANGGUR MERAH,63000,95000,100,10,BUAH ANGGUR MERAH,BUAH ANGGUR MERAH,3,1,1
52,1,BUAH APEL FUJI,63000,39000,100,10,BUAH APEL FUJI,BUAH APEL FUJI,3,1,1
53,1,BUAH APEL HIJAU -DRINKS,63000,35000,100,10,BUAH APEL HIJAU -DRINKS,BUAH APEL HIJAU -DRINKS,3,1,1
54,1,BUAH APEL MERAH -DRINKS,63000,45000,100,10,BUAH APEL MERAH -DRINKS,BUAH APEL MERAH -DRINKS,3,1,1
55,1,BUAH BIT/BEETROOT,63000,43000,100,10,BUAH BIT/BEETROOT,BUAH BIT/BEETROOT,3,1,1
56,1,BUAH BLUEBERRY,63000,63000,100,10,BUAH BLUEBERRY,BUAH BLUEBERRY,3,1,20
57,1,BUAH DELIMA -DRINKS,63000,105000,100,10,BUAH DELIMA -DRINKS,BUAH DELIMA -DRINKS,3,1,1
58,1,BUAH JAMBU BIJI MERAH,63000,23000,100,10,BUAH JAMBU BIJI MERAH,BUAH JAMBU BIJI MERAH,3,1,1
59,1,BUAH JAMBU BIJI MERAH -DRINKS,63000,25000,100,10,BUAH JAMBU BIJI MERAH -DRINKS,BUAH JAMBU BIJI MERAH -DRINKS,3,1,1
60,1,BUAH JERUK KALAMANSI -DRINKS,63000,18000,100,10,BUAH JERUK KALAMANSI -DRINKS,BUAH JERUK KALAMANSI -DRINKS,3,1,1
61,1,BUAH JERUK LEMON IMPOR,63000,35000,100,10,BUAH JERUK LEMON IMPOR,BUAH JERUK LEMON IMPOR,3,1,1
62,1,BUAH JERUK LEMON LOKAL -DRINKS,63000,15000,100,10,BUAH JERUK LEMON LOKAL -DRINKS,BUAH JERUK LEMON LOKAL -DRINKS,3,1,1
63,1,BUAH JERUK LIMO,63000,23000,100,10,BUAH JERUK LIMO,BUAH JERUK LIMO,3,1,1
64,1,BUAH JERUK MEDAN -DRINKS,63000,28000,100,10,BUAH JERUK MEDAN -DRINKS,BUAH JERUK MEDAN -DRINKS,3,1,1
65,1,BUAH JERUK NIPIS -DRINKS,63000,25000,100,10,BUAH JERUK NIPIS -DRINKS,BUAH JERUK NIPIS -DRINKS,3,1,1
66,1,BUAH JERUK PONKAM,63000,28000,100,10,BUAH JERUK PONKAM,BUAH JERUK PONKAM,3,1,1
67,1,BUAH JERUK SUNKIST,63000,43000,100,10,BUAH JERUK SUNKIST,BUAH JERUK SUNKIST,3,1,1
68,1,BUAH KEDONDONG,63000,18000,100,10,BUAH KEDONDONG,BUAH KEDONDONG,3,1,1
69,1,BUAH KIWI -DRINKS,63000,73000,100,10,BUAH KIWI -DRINKS,BUAH KIWI -DRINKS,3,1,1
70,1,BUAH MANGGA,63000,35000,100,10,BUAH MANGGA,BUAH MANGGA,3,1,1
71,1,BUAH MARKISA -DRINKS,63000,58000,100,10,BUAH MARKISA -DRINKS,BUAH MARKISA -DRINKS,3,1,1
72,1,BUAH MELON MADU -DRINKS,63000,18000,100,10,BUAH MELON MADU -DRINKS,BUAH MELON MADU -DRINKS,3,1,1
73,1,BUAH MELON ORANGE,63000,22000,100,10,BUAH MELON ORANGE,BUAH MELON ORANGE,3,1,1
74,1,BUAH NAGA MERAH -DRINKS,63000,25000,100,10,BUAH NAGA MERAH -DRINKS,BUAH NAGA MERAH -DRINKS,3,1,1
75,1,BUAH NANAS 1/2MATANG,63000,16000,100,10,BUAH NANAS 1/2MATANG,BUAH NANAS 1/2MATANG,3,1,30
76,1,BUAH NANAS 1/2MATANG -DRINKS,63000,14000,100,10,BUAH NANAS 1/2MATANG -DRINKS,BUAH NANAS 1/2MATANG -DRINKS,3,1,1
77,1,BUAH NANGKA UTUH -DRINKS,63000,19000,100,10,BUAH NANGKA UTUH -DRINKS,BUAH NANGKA UTUH -DRINKS,3,1,1
78,1,BUAH PEAR HIJAU,63000,53000,100,10,BUAH PEAR HIJAU,BUAH PEAR HIJAU,3,1,1
79,1,BUAH PEPAYA,63000,12000,100,10,BUAH PEPAYA,BUAH PEPAYA,3,1,1
80,1,BUAH PIR LOKAL,63000,25000,100,10,BUAH PIR LOKAL,BUAH PIR LOKAL,3,1,1
81,1,BUAH PISANG,63000,19000,100,10,BUAH PISANG,BUAH PISANG,3,1,1
82,1,BUAH PISANG BARANGAN,63000,12000,100,10,BUAH PISANG BARANGAN,BUAH PISANG BARANGAN,3,1,32
83,1,BUAH PISANG -DRINKS,63000,18000,100,10,BUAH PISANG -DRINKS,BUAH PISANG -DRINKS,3,1,1
84,1,BUAH PISANG TANDUK 4,63000,11000,100,10,BUAH PISANG TANDUK 4,BUAH PISANG TANDUK 4,3,1,4
85,1,BUAH SEMANGKA TANPA BIJI,63000,18000,100,10,BUAH SEMANGKA TANPA BIJI,BUAH SEMANGKA TANPA BIJI,3,1,1
86,1,BUAH SIRSAK BERSIH TANPA BIJI,63000,28000,100,10,BUAH SIRSAK BERSIH TANPA BIJI,BUAH SIRSAK BERSIH TANPA BIJI,3,1,1
87,1,BUAH STROBERI,63000,60000,100,10,BUAH STROBERI,BUAH STROBERI,3,1,1
88,1,BUAVITA 1 LTR,63000,0,100,10,BUAVITA 1 LTR,BUAVITA 1 LTR,2,1,34
89,1,BUBUK KEJU 25GR,63000,0,100,10,BUBUK KEJU 25GR,BUBUK KEJU 25GR,2,1,18
90,1,Bumbu Gohiong,63000,0,100,10,Bumbu Gohiong,Bumbu Gohiong,2,1,1
91,1,BUMBU PECEL 100GR PCK,63000,0,100,10,BUMBU PECEL 100GR PCK,BUMBU PECEL 100GR PCK,2,1,24
92,1,Bumbu Rendang (sari minang),63000,25000,100,10,Bumbu Rendang (sari minang),Bumbu Rendang (sari minang),2,1,9
93,1,BUNGA LAWANG / ANISTAR 1 KG,63000,168000,100,10,BUNGA LAWANG / ANISTAR 1 KG,BUNGA LAWANG / ANISTAR 1 KG,1,1,1
94,1,Bunga Pepaya,63000,35000,100,10,Bunga Pepaya,Bunga Pepaya,1,1,1
95,1,BUNGA SEDAP MALAM,63000,225000,100,10,BUNGA SEDAP MALAM,BUNGA SEDAP MALAM,1,1,1
96,1,CABAI BESAR HIJAU PETIK BERSIH,63000,55000,100,10,CABAI BESAR HIJAU PETIK BERSIH,CABAI BESAR HIJAU PETIK BERSIH,1,1,1
97,1,CABAI BESAR HIJAU PETIK BERSIH,63000,55000,100,10,CABAI BESAR HIJAU PETIK BERSIH,CABAI BESAR HIJAU PETIK BERSIH,1,1,1
98,1,CABAI BESAR HIJAU TANGKAI,63000,,100,10,CABAI BESAR HIJAU TANGKAI,CABAI BESAR HIJAU TANGKAI,1,1,1
99,1,CABAI BESAR MERAH,63000,75000,100,10,CABAI BESAR MERAH,CABAI BESAR MERAH,1,1,1
100,1,CABAI BESAR MERAH KERING,63000,99000,100,10,CABAI BESAR MERAH KERING,CABAI BESAR MERAH KERING,1,1,1
101,1,CABAI BESAR MERAH PETIK BERSIH,63000,85000,100,10,CABAI BESAR MERAH PETIK BERSIH,CABAI BESAR MERAH PETIK BERSIH,1,1,1
102,1,CABAI HIJAU KERITING,63000,60000,100,10,CABAI HIJAU KERITING,CABAI HIJAU KERITING,1,1,1
103,1,CABAI HIJAU KERITING PETIK,63000,,100,10,CABAI HIJAU KERITING PETIK,CABAI HIJAU KERITING PETIK,1,1,1
104,1,CABAI KERITING KERING,63000,95000,100,10,CABAI KERITING KERING,CABAI KERITING KERING,1,1,1
105,1,CABAI KERITING MERAH,63000,75000,100,10,CABAI KERITING MERAH,CABAI KERITING MERAH,1,1,1
106,1,CABAI KERITING MERAH PETIK,63000,,100,10,CABAI KERITING MERAH PETIK,CABAI KERITING MERAH PETIK,1,1,1
107,1,CABAI RAWIT HIJAU,63000,70000,100,10,CABAI RAWIT HIJAU,CABAI RAWIT HIJAU,1,1,1
108,1,CABAI RAWIT HIJAU PETIK,63000,,100,10,CABAI RAWIT HIJAU PETIK,CABAI RAWIT HIJAU PETIK,1,1,1
109,1,CABAI RAWIT MERAH,63000,95000,100,10,CABAI RAWIT MERAH,CABAI RAWIT MERAH,1,1,1
110,1,CABAI RAWIT MERAH PETIK BERSIH,63000,100000,100,10,CABAI RAWIT MERAH PETIK BERSIH,CABAI RAWIT MERAH PETIK BERSIH,1,1,1
111,1,CENGKEH,63000,190000,100,10,CENGKEH,CENGKEH,1,1,1
112,1,CINCAU HITAM,63000,5000,100,10,CINCAU HITAM,CINCAU HITAM,2,1,3
113,1,Cireng,63000,10000,100,10,Cireng,Cireng,2,1,9
114,1,CLAWMEAT 227 GR,63000,230000,100,10,CLAWMEAT 227 GR,CLAWMEAT 227 GR,2,1,5
115,1,COCONUT FLAKES 250GR,63000,38000,100,10,COCONUT FLAKES 250GR,COCONUT FLAKES 250GR,2,1,13
116,1,COCONUT OIL 250ML,63000,0,100,10,COCONUT OIL 250ML,COCONUT OIL 250ML,2,1,7
117,1,Coconute Flakes,63000,38500,100,10,Coconute Flakes,Coconute Flakes,2,1,9
118,1,CORN FLAKES KELLOGS 275GR,63000,36000,100,10,CORN FLAKES KELLOGS 275GR,CORN FLAKES KELLOGS 275GR,2,1,6
119,1,CRAB STICK 250 GR,63000,31500,100,10,CRAB STICK 250 GR,CRAB STICK 250 GR,2,1,9
120,1,DARK RAISIN,63000,93000,100,10,DARK RAISIN,DARK RAISIN,2,1,1
121,1,DAUN BAMBU 100 4,63000,60000,100,10,DAUN BAMBU 100 4,DAUN BAMBU 100 4,2,1,1
122,1,DAUN BASIL FRESH,63000,65000,100,10,DAUN BASIL FRESH,DAUN BASIL FRESH,1,1,1
123,1,DAUN BAWANG BESAR,63000,28000,100,10,DAUN BAWANG BESAR,DAUN BAWANG BESAR,1,1,1
124,1,DAUN BAWANG KECIL,63000,43000,100,10,DAUN BAWANG KECIL,DAUN BAWANG KECIL,1,1,1
125,1,DAUN BAWANG PREY,63000,73000,100,10,DAUN BAWANG PREY,DAUN BAWANG PREY,1,1,1
126,1,DAUN BAYLEAF 8 GR,63000,0,100,10,DAUN BAYLEAF 8 GR,DAUN BAYLEAF 8 GR,2,1,17
127,1,DAUN DILL,63000,68000,100,10,DAUN DILL,DAUN DILL,1,1,1
128,1,Daun Jati,0,0,100,10,Daun Jati,Daun Jati,1,1,4
129,1,DAUN JERUK,45000,45000,100,10,DAUN JERUK,DAUN JERUK,1,1,1
130,1,DAUN KALE,93000,93000,100,10,DAUN KALE,DAUN KALE,1,1,1
131,1,DAUN KARI,35000,35000,100,10,DAUN KARI,DAUN KARI,1,1,1
132,1,DAUN KEMANGI,30000,30000,100,10,DAUN KEMANGI,DAUN KEMANGI,1,1,1
133,1,Daun Kenikir,25000,25000,100,10,Daun Kenikir,Daun Kenikir,1,1,1
134,1,DAUN KETUMBAR / WANSUI,75000,75000,100,10,DAUN KETUMBAR / WANSUI,DAUN KETUMBAR / WANSUI,1,1,1
135,1,DAUN KUNYIT,18000,18000,100,10,DAUN KUNYIT,DAUN KUNYIT,1,1,1
136,1,DAUN MELINJO,30000,30000,100,10,DAUN MELINJO,DAUN MELINJO,1,1,1
137,1,DAUN MINT,40000,40000,100,10,DAUN MINT,DAUN MINT,1,1,1
138,1,DAUN OBHA 10 GR,3000,3000,100,10,DAUN OBHA 10 GR,DAUN OBHA 10 GR,1,1,18
139,1,Daun Pakis,20000,20000,100,10,Daun Pakis,Daun Pakis,1,1,1
140,1,DAUN PANDAN MUDA,15000,15000,100,10,DAUN PANDAN MUDA,DAUN PANDAN MUDA,1,1,1
141,1,DAUN PETERSELI / PARSLEY,55000,55000,100,10,DAUN PETERSELI / PARSLEY,DAUN PETERSELI / PARSLEY,1,1,1
142,1,DAUN PISANG,14000,14000,100,10,DAUN PISANG,DAUN PISANG,1,1,1
143,1,DAUN SAGE,0,0,100,10,DAUN SAGE,DAUN SAGE,1,1,19
144,1,DAUN SALAM,13000,13000,100,10,DAUN SALAM,DAUN SALAM,1,1,1
145,1,DAUN SELEDRI IMPOR PCK 500GR,38000,38000,100,10,DAUN SELEDRI IMPOR PCK 500GR,DAUN SELEDRI IMPOR PCK 500GR,1,1,1
146,1,DAUN SELEDRI LOKAL,35000,35000,100,10,DAUN SELEDRI LOKAL,DAUN SELEDRI LOKAL,1,1,1
147,1,DAUN SHUNGIKU / SAYUR KRISAN HIJAU,0,0,100,10,DAUN SHUNGIKU / SAYUR KRISAN HIJAU,DAUN SHUNGIKU / SAYUR KRISAN HIJAU,1,1,1
148,1,DAUN SINGKONG,10000,10000,100,10,DAUN SINGKONG,DAUN SINGKONG,1,1,1
149,1,EBI KERING,110000,110000,100,10,EBI KERING,EBI KERING,1,1,1
150,1,Emping,105000,105000,100,10,Emping,Emping,2,1,1
151,1,FROZEN BLUEBERRY 1 KG -DRINKS,65000,65000,100,10,FROZEN BLUEBERRY 1 KG -DRINKS,FROZEN BLUEBERRY 1 KG -DRINKS,3,1,26
152,1,FROZEN MIXED BARRIES 1KG -DRINKS,0,0,100,10,FROZEN MIXED BARRIES 1KG -DRINKS,FROZEN MIXED BARRIES 1KG -DRINKS,3,1,26
153,1,GREEK YOGHURT 1 KG,0,0,100,10,GREEK YOGHURT 1 KG,GREEK YOGHURT 1 KG,2,1,26
154,1,Gula aren,33000,33000,100,10,Gula aren,Gula aren,2,1,1
155,1,GULA AREN PADAT,33000,33000,100,10,GULA AREN PADAT,GULA AREN PADAT,2,1,1
156,1,Gula Merah,23000,23000,100,10,Gula Merah,Gula Merah,2,1,1
157,1,GULA MERAH PADAT,23000,23000,100,10,GULA MERAH PADAT,GULA MERAH PADAT,2,1,1
158,1,IKAN ASIN JAMBAL KERING,112000,112000,100,10,IKAN ASIN JAMBAL KERING,IKAN ASIN JAMBAL KERING,2,1,1
159,1,IKAN TERI JENGKI,95000,95000,100,10,IKAN TERI JENGKI,IKAN TERI JENGKI,2,1,1
160,1,IKAN TERI MEDAN KERING,165000,165000,100,10,IKAN TERI MEDAN KERING,IKAN TERI MEDAN KERING,2,1,1
161,1,JAGUNG MANIS KUPAS,25000,25000,100,10,JAGUNG MANIS KUPAS,JAGUNG MANIS KUPAS,1,1,1
162,1,JAGUNG MANIS,23000,23000,100,10,JAGUNG MANIS,JAGUNG MANIS,1,1,1
163,1,Jagung manis pipil,46000,46000,100,10,Jagung manis pipil,Jagung manis pipil,2,1,1
164,1,JAGUNG MUDA,24000,24000,100,10,JAGUNG MUDA,JAGUNG MUDA,1,1,1
165,1,JAHE PUTIH,33000,33000,100,10,JAHE PUTIH,JAHE PUTIH,1,1,1
166,1,JAMUR CHAMPIGNON,45000,45000,100,10,JAMUR CHAMPIGNON,JAMUR CHAMPIGNON,1,1,1
167,1,JAMUR ENOKI,6000,6000,100,10,JAMUR ENOKI,JAMUR ENOKI,1,1,24
168,1,JAMUR ERINGI 200 GR,15000,15000,100,10,JAMUR ERINGI 200 GR,JAMUR ERINGI 200 GR,1,1,25
169,1,JAMUR MERANG,48000,48000,100,10,JAMUR MERANG,JAMUR MERANG,1,1,1
170,1,JAMUR SHIMEJI COKLAT 156 GR,12000,12000,100,10,JAMUR SHIMEJI COKLAT 156 GR,JAMUR SHIMEJI COKLAT 156 GR,1,1,21
171,1,JAMUR SHIMEJI PUTIH 156 GR,12000,12000,100,10,JAMUR SHIMEJI PUTIH 156 GR,JAMUR SHIMEJI PUTIH 156 GR,1,1,21
172,1,JAMUR SHITAKE BASAH,102000,102000,100,10,JAMUR SHITAKE BASAH,JAMUR SHITAKE BASAH,1,1,1
173,1,JAMUR TIRAM,25000,25000,100,10,JAMUR TIRAM,JAMUR TIRAM,1,1,1
174,1,Jeruk Bali,38500,38500,100,10,Jeruk Bali,Jeruk Bali,3,1,1
175,1,Jeruk Kunci/Bangka,19000,19000,100,10,Jeruk Kunci/Bangka,Jeruk Kunci/Bangka,3,1,1
176,1,JERUK PERAS,16000,16000,100,10,JERUK PERAS,JERUK PERAS,3,1,1
177,1,JINTEN PUTIH BUBUK,0,0,100,10,JINTEN PUTIH BUBUK,JINTEN PUTIH BUBUK,2,1,1
178,1,Juhi Kering,,,100,10,Juhi Kering,Juhi Kering,2,1,1
179,1,KABOCHA ORANGE/LABU PARANG,25000,25000,100,10,KABOCHA ORANGE/LABU PARANG,KABOCHA ORANGE/LABU PARANG,1,1,1
180,1,KACANG BUNCIS,15000,15000,100,10,KACANG BUNCIS,KACANG BUNCIS,1,1,1
181,1,KACANG BUNCIS BABY,25000,25000,100,10,KACANG BUNCIS BABY,KACANG BUNCIS BABY,1,1,1
182,1,KACANG HIJAU,35000,35000,100,10,KACANG HIJAU,KACANG HIJAU,1,1,1
183,1,KACANG KAPRI IMPOR,125000,125000,100,10,KACANG KAPRI IMPOR,KACANG KAPRI IMPOR,1,1,1
184,1,KACANG KEDELAI,23000,23000,100,10,KACANG KEDELAI,KACANG KEDELAI,1,1,1
185,1,KACANG MEDE MENTAH,170000,170000,100,10,KACANG MEDE MENTAH,KACANG MEDE MENTAH,1,1,1
186,1,KACANG MERAH MENTAH,34000,34000,100,10,KACANG MERAH MENTAH,KACANG MERAH MENTAH,1,1,1
187,1,KACANG PANJANG,23000,23000,100,10,KACANG PANJANG,KACANG PANJANG,1,1,1
188,1,KACANG POLONG,78000,78000,100,10,KACANG POLONG,KACANG POLONG,1,1,1
189,1,Kacang Tanah Kulit,40000,40000,100,10,Kacang Tanah Kulit,Kacang Tanah Kulit,1,1,1
190,1,KACANG TANAH KULIT MENTAH,43000,43000,100,10,KACANG TANAH KULIT MENTAH,KACANG TANAH KULIT MENTAH,1,1,1
191,1,KACANG TANAH KUPAS MENTAH,45000,45000,100,10,KACANG TANAH KUPAS MENTAH,KACANG TANAH KUPAS MENTAH,1,1,1
192,1,KACANG TOLO,0,0,100,10,KACANG TOLO,KACANG TOLO,1,1,1
193,1,KAILAN BABY IMPOR,75000,75000,100,10,KAILAN BABY IMPOR,KAILAN BABY IMPOR,1,1,1
194,1,KANGKUNG KG,14000,14000,100,10,KANGKUNG KG,KANGKUNG KG,1,1,1
195,1,Kapulaga,205000,205000,100,10,Kapulaga,Kapulaga,2,1,1
196,1,KAPULAGA CAOGUO KERING,198000,198000,100,10,KAPULAGA CAOGUO KERING,KAPULAGA CAOGUO KERING,2,1,1
197,1,KARA COCO WATER 1LTR,0,0,100,10,KARA COCO WATER 1LTR,KARA COCO WATER 1LTR,2,1,22
198,1,KAYU MANIS BATANG,140000,140000,100,10,KAYU MANIS BATANG,KAYU MANIS BATANG,1,1,1
199,1,Kecambah,28000,28000,100,10,Kecambah,Kecambah,1,1,1
200,1,KECOMBRANG,45000,45000,100,10,KECOMBRANG,KECOMBRANG,1,1,1
201,1,KEJU SINGLE 5 LBR,0,0,100,10,KEJU SINGLE 5 LBR,KEJU SINGLE 5 LBR,2,1,23
202,1,KELAPA MUDA,15000,15000,100,10,KELAPA MUDA,KELAPA MUDA,3,1,4
203,1,KELAPA NATA DE COCO,19000,19000,100,10,KELAPA NATA DE COCO,KELAPA NATA DE COCO,2,1,1
204,1,KELAPA PARUT,0,0,100,10,KELAPA PARUT,KELAPA PARUT,1,1,1
205,1,KEMIRI,75000,75000,100,10,KEMIRI,KEMIRI,1,1,1
206,1,KENCUR,32000,32000,100,10,KENCUR,KENCUR,1,1,1
207,1,KENTANG,24000,24000,100,10,KENTANG,KENTANG,1,1,1
208,1,KERIPIK SINGKONG,0,0,100,10,KERIPIK SINGKONG,KERIPIK SINGKONG,2,1,1
209,1,KERUPUK KULIT MENTAH,0,0,100,10,KERUPUK KULIT MENTAH,KERUPUK KULIT MENTAH,2,1,1
210,1,KERUPUK KULIT TULIP,,,100,10,KERUPUK KULIT TULIP,KERUPUK KULIT TULIP,2,1,36
211,1,KERUPUK UDANG FINNA,45000,45000,100,10,KERUPUK UDANG FINNA,KERUPUK UDANG FINNA,2,1,26
212,1,KETAN HITAM,45000,45000,100,10,KETAN HITAM,KETAN HITAM,2,1,1
213,1,KETUMBAR,45000,45000,100,10,KETUMBAR,KETUMBAR,1,1,1
214,1,Kiamboy,15000,15000,100,10,Kiamboy,Kiamboy,2,1,24
215,1,KIKIL,0,0,100,10,KIKIL,KIKIL,2,1,1
216,1,KLUWEK/KEPAYANG,33000,33000,100,10,KLUWEK/KEPAYANG,KLUWEK/KEPAYANG,1,1,1
217,1,KLUWEK/KEPAYANG,0,0,100,10,KLUWEK/KEPAYANG,KLUWEK/KEPAYANG,1,1,1
218,1,Kol Putih,14000,14000,100,10,Kol Putih,Kol Putih,1,1,1
219,1,KOLANG-KALING,19000,19000,100,10,KOLANG-KALING,KOLANG-KALING,2,1,1
220,1,KONYAKU,18000,18000,100,10,KONYAKU,KONYAKU,2,1,13
221,1,KONYAKU SHIRATAKI RICE 9 1KG,225000,225000,100,10,KONYAKU SHIRATAKI RICE 9 1KG,KONYAKU SHIRATAKI RICE 9 1KG,2,1,26
222,1,Krupuk Udang Besar,37000,37000,100,10,Krupuk Udang Besar,Krupuk Udang Besar,2,1,9
223,1,KUBIS BROKOLI BERSIH BUANG BATANG,45000,45000,100,10,KUBIS BROKOLI BERSIH BUANG BATANG,KUBIS BROKOLI BERSIH BUANG BATANG,1,1,1
224,1,KUBIS BRUSSEL / CUCIWIS,25000,25000,100,10,KUBIS BRUSSEL / CUCIWIS,KUBIS BRUSSEL / CUCIWIS,1,1,1
225,1,KUBIS BUNGA / KEMBANG KOL,25000,25000,100,10,KUBIS BUNGA / KEMBANG KOL,KUBIS BUNGA / KEMBANG KOL,1,1,1
226,1,KUBIS KOL,14000,14000,100,10,KUBIS KOL,KUBIS KOL,1,1,1
227,1,KUBIS KOL UNGU,35000,35000,100,10,KUBIS KOL UNGU,KUBIS KOL UNGU,1,1,1
228,1,KUCAI,19000,19000,100,10,KUCAI,KUCAI,1,1,1
229,1,KULIT KEMBANG TAHU LOKAL ASIN,17000,17000,100,10,KULIT KEMBANG TAHU LOKAL ASIN,KULIT KEMBANG TAHU LOKAL ASIN,1,1,33
230,1,KULIT LUMPIA,0,0,100,10,KULIT LUMPIA,KULIT LUMPIA,2,1,4
231,1,KULIT PANGSIT,10000,10000,100,10,KULIT PANGSIT,KULIT PANGSIT,2,1,12
232,1,Kulit Popiah,1800,1800,100,10,Kulit Popiah,Kulit Popiah,2,1,4
233,1,KUNYIT,18000,18000,100,10,KUNYIT,KUNYIT,1,1,1
234,1,KUNYIT BUBUK 1 KG,40000,40000,100,10,KUNYIT BUBUK 1 KG,KUNYIT BUBUK 1 KG,2,1,14
235,1,KUNYIT GILING,45000,45000,100,10,KUNYIT GILING,KUNYIT GILING,1,1,1
236,1,KWETIAU BERAS LEBAR,30000,30000,100,10,KWETIAU BERAS LEBAR,KWETIAU BERAS LEBAR,2,1,1
237,1,KWETIAU KECIL,10000,10000,100,10,KWETIAU KECIL,KWETIAU KECIL,2,1,3
238,1,KYURI,32000,32000,100,10,KYURI,KYURI,1,1,1
239,1,LABU SIAM,10000,10000,100,10,LABU SIAM,LABU SIAM,1,1,1
240,1,LADA HITAM UTUH,145000,145000,100,10,LADA HITAM UTUH,LADA HITAM UTUH,2,1,1
241,1,LENGKUAS,12000,12000,100,10,LENGKUAS,LENGKUAS,1,1,1
242,1,Lidah Buaya,31500,31500,100,10,Lidah Buaya,Lidah Buaya,1,1,9
243,1,LOBAK BABY UNGU,31000,31000,100,10,LOBAK BABY UNGU,LOBAK BABY UNGU,1,1,1
244,1,LOBAK KERING CAIPO MANIS,48000,48000,100,10,LOBAK KERING CAIPO MANIS,LOBAK KERING CAIPO MANIS,1,1,1
245,1,LOBAK KERING TONGCAI ASIN,55000,55000,100,10,LOBAK KERING TONGCAI ASIN,LOBAK KERING TONGCAI ASIN,1,1,1
246,1,LOBAK PUTIH,13000,13000,100,10,LOBAK PUTIH,LOBAK PUTIH,1,1,1
247,1,Longan,48000,48000,100,10,Longan,Longan,2,1,28
248,1,LONTONG,2500,2500,100,10,LONTONG,LONTONG,2,1,4
249,1,MAKARONI,25000,25000,100,10,MAKARONI,MAKARONI,2,1,1
250,1,Mangga Harum Manis,37000,37000,100,10,Mangga Harum Manis,Mangga Harum Manis,3,1,1
251,1,MANGGA MUDA ASAM,33000,33000,100,10,MANGGA MUDA ASAM,MANGGA MUDA ASAM,3,1,1
252,1,MAX CREAMER 500 GR,48000,48000,100,10,MAX CREAMER 500 GR,MAX CREAMER 500 GR,2,1,3
253,1,MELINJO,25000,25000,100,10,MELINJO,MELINJO,1,1,1
254,1,MIKA TUMPENG,0,0,100,10,MIKA TUMPENG,MIKA TUMPENG,2,1,28
255,1,MIZUNA FRESH,0,0,100,10,MIZUNA FRESH,MIZUNA FRESH,2,1,1
256,1,NANAS KALENG,0,0,100,10,NANAS KALENG,NANAS KALENG,2,1,28
257,1,Nanas Mateng Honey,22000,22000,100,10,Nanas Mateng Honey,Nanas Mateng Honey,3,1,30
258,1,NANGKA SAYUR,15000,15000,100,10,NANGKA SAYUR,NANGKA SAYUR,1,1,1
259,1,Nata de coco,15000,15000,100,10,Nata de coco,Nata de coco,2,1,9
260,1,Nutrijell Lychee,11000,11000,100,10,Nutrijell Lychee,Nutrijell Lychee,2,1,9
261,1,OKRA,33000,33000,100,10,OKRA,OKRA,1,1,1
262,1,ORGANIC BLACK QUINOA 1KG,160000,160000,100,10,ORGANIC BLACK QUINOA 1KG,ORGANIC BLACK QUINOA 1KG,2,1,26
263,1,ORGANIC WHITE QUINOA 1KG,115000,115000,100,10,ORGANIC WHITE QUINOA 1KG,ORGANIC WHITE QUINOA 1KG,2,1,26
264,1,OYONG,17000,17000,100,10,OYONG,OYONG,1,1,1
265,1,Pakcoy,16000,16000,100,10,Pakcoy,Pakcoy,1,1,1
266,1,PALA UTUH,0,0,100,10,PALA UTUH,PALA UTUH,2,1,1
267,1,PAPRIKA HIJAU,55000,55000,100,10,PAPRIKA HIJAU,PAPRIKA HIJAU,1,1,1
268,1,PAPRIKA MERAH,95000,95000,100,10,PAPRIKA MERAH,PAPRIKA MERAH,1,1,1
269,1,PEANUT BUTTER CREAMY 500GR,0,0,100,10,PEANUT BUTTER CREAMY 500GR,PEANUT BUTTER CREAMY 500GR,2,1,3
270,1,PERIA / PARE,20000,20000,100,10,PERIA / PARE,PERIA / PARE,1,1,1
271,1,PERMEN,0,0,100,10,PERMEN,PERMEN,2,1,14
272,1,Pete,15000,15000,100,10,Pete,Pete,1,1,4
273,1,PETE KUPAS,,,100,10,PETE KUPAS,PETE KUPAS,1,1,1
274,1,Pisang Kepok,22500,22500,100,10,Pisang Kepok,Pisang Kepok,3,1,23
275,1,PUMPKIN SEEDS,68000,68000,100,10,PUMPKIN SEEDS,PUMPKIN SEEDS,1,1,3
276,1,RED RADEST LOBAK MERAH,34000,34000,100,10,RED RADEST LOBAK MERAH,RED RADEST LOBAK MERAH,1,1,1
277,1,ROLLED OATS 500 GR,0,0,100,10,ROLLED OATS 500 GR,ROLLED OATS 500 GR,2,1,4
278,1,ROSE MARRY FLOWER 20GR,15000,15000,100,10,ROSE MARRY FLOWER 20GR,ROSE MARRY FLOWER 20GR,1,1,24
279,1,SALAD SALANOVA 9ING IMPORT 250 GR,195000,195000,100,10,SALAD SALANOVA 9ING IMPORT 250 GR,SALAD SALANOVA 9ING IMPORT 250 GR,1,1,1
280,1,SAWI HIJAU / CAISIM,15000,15000,100,10,SAWI HIJAU / CAISIM,SAWI HIJAU / CAISIM,1,1,1
281,1,SAWI HIJAU / CAISIM BABY,18000,18000,100,10,SAWI HIJAU / CAISIM BABY,SAWI HIJAU / CAISIM BABY,1,1,1
282,1,SAWI PUTIH,15000,15000,100,10,SAWI PUTIH,SAWI PUTIH,1,1,1
283,1,SAWI SENDOK / PAKCOY BABY,20000,20000,100,10,SAWI SENDOK / PAKCOY BABY,SAWI SENDOK / PAKCOY BABY,1,1,1
284,1,Sawo,25000,25000,100,10,Sawo,Sawo,3,1,1
285,1,SELADA AIR,28000,28000,100,10,SELADA AIR,SELADA AIR,1,1,1
286,1,SELADA KERITING,41000,41000,100,10,SELADA KERITING,SELADA KERITING,1,1,1
287,1,SELADA LETTUCE,33000,33000,100,10,SELADA LETTUCE,SELADA LETTUCE,1,1,1
288,1,SELADA ROMAINE,35000,35000,100,10,SELADA ROMAINE,SELADA ROMAINE,1,1,1
289,1,SELADA UNGU,55000,55000,100,10,SELADA UNGU,SELADA UNGU,1,1,1
290,1,SERAI,15000,15000,100,10,SERAI,SERAI,1,1,1
291,1,SHINSHUICI MIKOCHAN SHIRO MISO 1 KG,58500,58500,100,10,SHINSHUICI MIKOCHAN SHIRO MISO 1 KG,SHINSHUICI MIKOCHAN SHIRO MISO 1 KG,2,1,26
292,1,SHIRATAKI 200 GR,9500,9500,100,10,SHIRATAKI 200 GR,SHIRATAKI 200 GR,2,1,25
293,1,SINGKONG,7000,7000,100,10,SINGKONG,SINGKONG,1,1,1
294,1,SOUN,20000,20000,100,10,SOUN,SOUN,2,1,1
295,1,SPIRILUNA POWDER 100GR,75000,75000,100,10,SPIRILUNA POWDER 100GR,SPIRILUNA POWDER 100GR,2,1,24
296,1,SRI RACHA SAUCE,0,0,100,10,SRI RACHA SAUCE,SRI RACHA SAUCE,2,1,2
297,1,SUNFLOWER SEED 250GR,33000,33000,100,10,SUNFLOWER SEED 250GR,SUNFLOWER SEED 250GR,2,1,13
298,1,SUSU COCONUT DELIGHT,0,0,100,10,SUSU COCONUT DELIGHT,SUSU COCONUT DELIGHT,2,1,22
299,1,TAHU CINA,6500,6500,100,10,TAHU CINA,TAHU CINA,2,1,4
300,1,TAHU COKLAT KOTAK,,,100,10,TAHU COKLAT KOTAK,TAHU COKLAT KOTAK,2,1,4
301,1,TAHU COKLAT SEGITIGA,,,100,10,TAHU COKLAT SEGITIGA,TAHU COKLAT SEGITIGA,2,1,4
302,1,TAHU PONG MENTAH,800,800,100,10,TAHU PONG MENTAH,TAHU PONG MENTAH,2,1,4
303,1,TAHU PUTIH BANDUNG,,,100,10,TAHU PUTIH BANDUNG,TAHU PUTIH BANDUNG,2,1,4
304,1,TAHU SUTRA KOTAK,13000,13000,100,10,TAHU SUTRA KOTAK,TAHU SUTRA KOTAK,2,1,10
305,1,TAHU TELUR JEPANG,9000,9000,100,10,TAHU TELUR JEPANG,TAHU TELUR JEPANG,2,1,4
306,1,TAMPAH BAMBU,0,0,100,10,TAMPAH BAMBU,TAMPAH BAMBU,2,1,4
307,1,TAOGE BESAR,14000,14000,100,10,TAOGE BESAR,TAOGE BESAR,1,1,1
308,1,TAOGE RAWON KECIL,30000,30000,100,10,TAOGE RAWON KECIL,TAOGE RAWON KECIL,1,1,1
309,1,TAPE SINGKONG,16000,16000,100,10,TAPE SINGKONG,TAPE SINGKONG,2,1,1
310,1,Tape Singkong CPR - Jalarasa,33500,33500,100,10,Tape Singkong CPR - Jalarasa,Tape Singkong CPR - Jalarasa,2,1,3
311,1,TARAGON,75000,75000,100,10,TARAGON,TARAGON,2,1,1
312,1,Tauco Medan,25000,25000,100,10,Tauco Medan,Tauco Medan,2,1,7
313,1,TAUCO MEDAN,25000,25000,100,10,TAUCO MEDAN,TAUCO MEDAN,2,1,7
314,1,TELUR ASIN MENTAH,4000,4000,100,10,TELUR ASIN MENTAH,TELUR ASIN MENTAH,2,1,4
315,1,TELUR AYAM NEGERI,34000,34000,100,10,TELUR AYAM NEGERI,TELUR AYAM NEGERI,2,1,1
316,1,TELUR BEBEK,4500,4500,100,10,TELUR BEBEK,TELUR BEBEK,2,1,4
317,1,TELUR OMEGA 10 4,33000,33000,100,10,TELUR OMEGA 10 4,TELUR OMEGA 10 4,2,1,4
318,1,TELUR PITAN,15000,15000,100,10,TELUR PITAN,TELUR PITAN,2,1,4
319,1,TELUR PUYUH,50000,50000,100,10,TELUR PUYUH,TELUR PUYUH,2,1,1
320,1,Tempe,7000,7000,100,10,Tempe,Tempe,2,1,4
321,1,TEMPE 500 GR,7000,7000,100,10,TEMPE 500 GR,TEMPE 500 GR,2,1,4
322,1,TEMPE KOTAK,,,100,10,TEMPE KOTAK,TEMPE KOTAK,2,1,4
323,1,TEMPE KOTAK IRIS,,,100,10,TEMPE KOTAK IRIS,TEMPE KOTAK IRIS,2,1,4
324,1,Tempe Mendoan,3500,3500,100,10,Tempe Mendoan,Tempe Mendoan,2,1,4
325,1,Terasi Juek,15000,15000,100,10,Terasi Juek,Terasi Juek,2,1,4
326,1,TERASI KERING LOKAL 9 100GR,0,0,100,10,TERASI KERING LOKAL 9 100GR,TERASI KERING LOKAL 9 100GR,2,1,24
327,1,TERONG UNGU,11000,11000,100,10,TERONG UNGU,TERONG UNGU,1,1,1
328,1,THYME FRESH 20 GR,17000,17000,100,10,THYME FRESH 20 GR,THYME FRESH 20 GR,1,1,8
329,1,TIMUN LOKAL BESAR,18000,18000,100,10,TIMUN LOKAL BESAR,TIMUN LOKAL BESAR,1,1,1
330,1,TIMUN LOKAL KECIL,14000,14000,100,10,TIMUN LOKAL KECIL,TIMUN LOKAL KECIL,1,1,1
331,1,TIMUN SEDANG,14000,14000,100,10,TIMUN SEDANG,TIMUN SEDANG,1,1,1
332,1,TOFU KOTAK SILKEN,17000,17000,100,10,TOFU KOTAK SILKEN,TOFU KOTAK SILKEN,2,1,10
333,1,TOMAT CHERRY,48000,48000,100,10,TOMAT CHERRY,TOMAT CHERRY,1,1,1
334,1,TOMAT HIJAU,18000,18000,100,10,TOMAT HIJAU,TOMAT HIJAU,1,1,1
335,1,TOMAT MERAH,25000,25000,100,10,TOMAT MERAH,TOMAT MERAH,1,1,1
336,1,TROPICANASLIM GULA SACHET/BOX ISI 504,0,0,100,10,TROPICANASLIM GULA SACHET/BOX ISI 504,TROPICANASLIM GULA SACHET/BOX ISI 504,2,1,9
337,1,TRUFFLESLICE 40GR,560000,560000,100,10,TRUFFLESLICE 40GR,TRUFFLESLICE 40GR,2,1,5
338,1,Tusuk sate daging P. 25cm,16000,16000,100,10,Tusuk sate daging P. 25cm,Tusuk sate daging P. 25cm,2,1,9
339,1,UBI JALAR ORANGE,12000,12000,100,10,UBI JALAR ORANGE,UBI JALAR ORANGE,1,1,1
340,1,UBI MERAH,10000,10000,100,10,UBI MERAH,UBI MERAH,1,1,1
341,1,Ubi Orange,12000,12000,100,10,Ubi Orange,Ubi Orange,1,1,1
342,1,UBI UNGU,11000,11000,100,10,UBI UNGU,UBI UNGU,1,1,1
343,1,UDANG REBON,115000,115000,100,10,UDANG REBON,UDANG REBON,1,1,1
344,1,WAKEGI,72000,72000,100,10,WAKEGI,WAKEGI,1,1,1
345,1,WALNUT 1 KG,150000,150000,100,10,WALNUT 1 KG,WALNUT 1 KG,2,1,1
346,1,WIJEN HITAM,72000,72000,100,10,WIJEN HITAM,WIJEN HITAM,2,1,14
347,1,WIJEN PUTIH UTUH,63000,63000,100,10,WIJEN PUTIH UTUH,WIJEN PUTIH UTUH,2,1,1
348,1,WORTEL IMPOR,20000,20000,100,10,WORTEL IMPOR,WORTEL IMPOR,1,1,1
349,1,YAKULT 54/PCK,0,0,100,10,YAKULT 54/PCK,YAKULT 54/PCK,2,1,9
350,1,ZUKINI,20000,20000,100,10,ZUKINI,ZUKINI,1,1,1